Producent,Nazwa,Moc,Pasmo,Protokół,Kanały,Wentylator,Mocowanie,Złącze,Kolor główny,Kolor dodatkowy,Sygnalizacja,Zdjęcie,Zdjęcie2,Zdjęcie3,Wygeneruj konfigurację,Strona producenta,Instrukcja,Dodatkowo:,"{bd, h}",{h},col23,col24,col25,col26,col27
Rush,Max Solo,2.5W,"5.8G, 4.9G",Smart Audio,48Ch,Wbudowany,Brak,MMCX,Czarny,Czerwony,Diody LED,pic/rush_max_solo_pic1.webp,,pic/rush_max_solo_pic3.webp,#generator-ustawien-vtx?vtx=rush_max_solo_2.5w_(%2B_x-band),https://rushfpv.net/products/rushfpv-max-solo-vtx,manuals/Rush_MaxSolo2_5W_5_8G.pdf,Ograniczona obsługa 4.9G. Kanał X-1 nie działa bez modyfikacji Betaflight,,777,,,,,
Rush,Max Solo X-band,2.5W,4.9G,IRC Tramp,8Ch,Wbudowany,Brak,MMCX,Czarny,Czerwony,Diody LED,pic/rush_max_solo_x-band_pic1.webp,,pic/rush_max_solo_x-band_pic3.webp,#generator-ustawien-vtx?vtx=rush_max_solo_xband_4.9g_2.5w,https://rushfpv.net/products/max-solo-xband-4-9g-vtx-2-5w,,,,,,,,,
Rush,Tank Solo,1.6W,5.8G,Smart Audio,48Ch,Brak,20x20,MMCX,Czarny,Czerwony,Diody LED,pic/rush_tank_solo_pic1.webp,,,#generator-ustawien-vtx?vtx=rush_tank_solo_1.6w,https://rushfpv.net/products/tank-solo-vtx,manuals/Istrukciya_RUSH-TANK-SOLO.pdf,,,,,,,,
Rush,Dual-Band VTX,2.5W,"5.8G, 4.9G",IRC Tramp,56Ch,Wbudowany,Brak,SMA,Czarny,Czerwony,Diody LED,pic/rush_dual-band_vtx_pic1.webp,pic/rush_dual-band_vtx_pic2.webp,pic/rush_dual-band_vtx_pic3.webp,#generator-ustawien-vtx?vtx=rush_4.9g%2F5.8g_2.5w_dual-band_56ch,https://rushfpv.net/products/5-8g-4-9g-dual-band-vtx-transmitter-module,,,,,,,,,
Rush,XSPAN 4.8G-6.1G,4W,"5.8G, 4.9G, 6.1G",IRC Tramp,96Ch,Wbudowany,Brak,SMA,Czarny,Czerwony,Diody LED,pic/rush_xspan_4.8g-6.1g_pic1.webp,pic/rush_xspan_4.8g-6.1g_pic2.webp,pic/rush_xspan_4.8g-6.1g_pic3.webp,,https://rushfpv.net/products/4-8-6-1g-broadband-vtx-transmitter-module,,,,,,,,,
Rush,XSPAN 4.9G-6.0G,10W,"5.8G, 4.9G",IRC Tramp,80Ch,Wbudowany,20x20,SMA,Czarny,Czerwony,Ekran,pic/rush_xspan_4.9g-6.0g_pic1.webp,pic/rush_xspan_4.9g-6.0g_pic2.webp,pic/rush_xspan_4.9g-6.0g_pic3.webp,,https://rushfpv.net/products/4-9g-6-0g-xspan-10w-vtx-transmitter-module,,,,,,,,,
Rush,XSPAN 6.1G-7.2G,3W,"6.1G, 7G +",IRC Tramp,64Ch,Wbudowany,Brak,SMA,Czarny,Czerwony,Diody LED,pic/rush_xspan_6.1g-7.2g_pic1.webp,pic/rush_xspan_6.1g-7.2g_pic2.webp,pic/rush_xspan_6.1g-7.2g_pic3.webp,,https://rushfpv.net/products/6-1g-7-2g-3w-vtx-transmitter-module,,,,,,,,,
Rush,3.3G,2W,3.3G,IRC Tramp,8Ch,Brak,20x20,SMA,Czarny,Biały,Diody LED,pic/rush_3.3g_pic1.webp,,,#generator-ustawien-vtx?vtx=rush_3.3g_2w_(band_a),https://rushfpv.net/products/3-3g-2w-vtx-transmitter-module-%E5%A4%8D%E5%88%B6?variant=46120333246634,,,,,,,,,
Rush,3.3G,4W,3.3G,IRC Tramp,16Ch,Wbudowany,Brak,SMA,Czarny,Czerwony,Diody LED,pic/rush_3.3g_2_pic1.webp,,pic/rush_3.3g_2_pic3.webp,#generator-ustawien-vtx?vtx=rush_3.3g_4w,https://rushfpv.net/products/3-3g-4w-vtx-transmitter-module,,,,,,,,,
Rush,1.2/1.3,1.6W,1.2G,Brak,9Ch,Brak,Brak,U.FL/IPEX,Czarny,Biały,Diody LED,pic/rush_1.2_1.3_pic1.webp,pic/rush_1.2_1.3_pic2.webp,,,https://rushfpv.net/products/1-6w-1-3g,,,,,,,,,
Rush,1.2/1.3,4W,1.2G,IRC Tramp,8Ch,Brak,Brak,SMA,Metaliczny,Biały,Diody LED,pic/rush_1.2_1.3_2_pic1.webp,,pic/rush_1.2_1.3_2_pic3.webp,#generator-ustawien-vtx?vtx=rush_1.2%2F1.3ghz_4w,,,,,,,,,,
Rush,1.2/1.3 V2,4W,1.2G,IRC Tramp,16Ch,Wbudowany,Brak,SMA,Czarny,Czerwony,Diody LED,pic/rush_1.2_1.3_v2_pic1.webp,pic/rush_1.2_1.3_v2_pic2.webp,pic/rush_1.2_1.3_v2_pic3.webp,#generator-ustawien-vtx?vtx=rush_1.2%2F1.3ghz_4w_v2,https://rushfpv.net/products/1-3g-4w-vtx-v2-transmitter-module,manuals/13g_4w_vtx_v2_manual.pdf,,,,,,,,
Rush,1.3G/3.3G Dual-Band,2.5W,"1.2G, 3.3G",IRC Tramp,32Ch,Wbudowany,Brak,SMA,Czarny,Czerwony,Diody LED,pic/rush_1.3g_3.3g_dual-band_pic1.webp,pic/rush_1.3g_3.3g_dual-band_pic2.webp,pic/rush_1.3g_3.3g_dual-band_pic3.webp,#generator-ustawien-vtx?vtx=rush_1.3g%2F3.3g_dual-band_32ch,https://rushfpv.net/products/1-3g-3-3g-dual-band-vtx-transmitter-module,manuals/rushfpv_transmitter_vtx_13g_33g_manual.pdf,,,,,,,,
Foxeer,Reaper extreme v1,2.5W,5.8G,IRC Tramp,40Ch,Brak,20x20,MMCX,Czarny,Biały,Diody LED,pic/foxeer_reaper_extreme_v1_pic1.webp,,pic/foxeer_reaper_extreme_v1_pic3.webp,#generator-ustawien-vtx?vtx=foxeer_reaper_extreme_2.5w_v1_40ch,,,,,,,,,,
Foxeer,Reaper extreme v2,2.5W,5.8G,IRC Tramp,72Ch,Brak,20x20,MMCX,Czarny,Biały,Diody LED,pic/foxeer_reaper_extreme_v2_pic1.webp,,pic/foxeer_reaper_extreme_v2_pic3.webp,#generator-ustawien-vtx?vtx=foxeer_reaper_extreme_2.5w_v2_72ch,,manuals/foxeer_reaper_extreme_v2_manual.pdf,,,,,,,,
Foxeer,Reaper extreme v2,1.8W,5.8G,IRC Tramp,72Ch,Brak,20x20,MMCX,Czarny,Biały,Diody LED,pic/foxeer_reaper_extreme_v2_2_pic1.webp,pic/foxeer_reaper_extreme_v2_2_pic2.webp,,#generator-ustawien-vtx?vtx=foxeer_reaper_extreme_1.8w_72ch,https://www.foxeer.com/foxeer-5-8g-reaper-extreme-1-8w-72ch-vtx-g-574,manuals/Foxeer_Reaper_Extreme_VTX_Manual_1.8W.pdf,,,,,,,,
Foxeer,Reaper extreme v3,2.5W,"5.8G, 4.9G",IRC Tramp,80Ch,Brak,20x20,MMCX,Czarny,Biały,Diody LED,pic/foxeer_reaper_extreme_v3_pic1.webp,,pic/foxeer_reaper_extreme_v3_pic3.webp,#generator-ustawien-vtx?vtx=foxeer_reaper_extreme_2.5w_v3_80ch_(x-band),https://www.foxeer.com/foxeer-4-9g-6g-reaper-extreme-v3-2-5w-80ch-vtx-g-591,manuals/Reaper_Extreme_V3_VTX_Manual_2.5W_80CH.pdf,,,,,,,,
Foxeer,Reaper extreme v2,3W,"5.8G, 4.9G",IRC Tramp,80Ch,Wbudowany,20x20,MMCX,Czarny,Biały,Diody LED,pic/foxeer_reaper_extreme_v2_3_pic1.webp,,pic/foxeer_reaper_extreme_v2_3_pic3.webp,#generator-ustawien-vtx?vtx=foxeer_reaper_extreme_3w_v2_80ch,https://www.foxeer.com/foxeer-4-9g-6g-reaper-extreme-v2-3w-80ch-vtx-g-590,manuals/Foxeer_Reaper_Extreme_VTX_Manual_3W_80CH.pdf,,,,,,,,
Foxeer,Reaper Infinity,5W,5.8G,IRC Tramp,40Ch,Wbudowany,20x20,SMA,Czarny,Biały,Diody LED,pic/foxeer_reaper_infinity_pic1.webp,pic/foxeer_reaper_infinity_pic2.webp,,#generator-ustawien-vtx?vtx=foxeer_reaper_infinity_5w_40ch,https://www.foxeer.com/foxeer-5-8g-reaper-infinity-5w-40ch-vtx-g-531,manuals/reaper_infinity_5w_manual.pdf,,,,,,,,
Foxeer,Reaper Infinity v2,5W,"5.8G, 4.9G",IRC Tramp,80Ch,Wbudowany,20x20,SMA,Czarny,Biały,Diody LED,pic/foxeer_reaper_infinity_v2_pic1.webp,pic/foxeer_reaper_infinity_v2_pic2.webp,pic/foxeer_reaper_infinity_v2_pic3.webp,#generator-ustawien-vtx?vtx=foxeer_reaper_infinity_5w_v2_80ch,https://www.foxeer.com/foxeer-4-9g-6g-reaper-infinity-v2-5w-80ch-vtx-g-588,manuals/Foxeer_Reaper_Infinity_V2_VTX_Manual_5W.pdf,,,,,,,,
Foxeer,Reaper Infinity,10W,"5.8G, 4.9G",IRC Tramp,80Ch,Wbudowany,20x20,SMA,Czarny,Biały,Diody LED,pic/foxeer_reaper_infinity_2_pic1.webp,,pic/foxeer_reaper_infinity_2_pic3.webp,#generator-ustawien-vtx?vtx=foxeer_reaper_infinity_10w_80ch,https://www.foxeer.com/foxeer-4-9g-6g-reaper-infinity-10w-80ch-vtx-g-587,manuals/Foxeer_Reaper_Infinity_VTX_Manual_10W.pdf,,,,,,,,
Foxeer,Reaper 3.3G,4W,3.3G,IRC Tramp,40Ch,Wbudowany,20x20,MMCX,Czarny,Biały,Diody LED,pic/foxeer_reaper_3.3g_pic1.webp,,pic/foxeer_reaper_3.3g_pic3.webp,#generator-ustawien-vtx?vtx=foxeer_reaper_3.3g_4w_40ch,https://www.foxeer.com/foxeer-reaper-3-3g-4w-40ch-vtx-tramp-g-598,manuals/Reaper_4W_3.3G_VTX_Manual.pdf,,,,,,,,
TBS,Unify Pro32 HV,1W,5.8G,Smart Audio,40Ch,Brak,Brak,MMCX,Czarny,Złoty,Diody LED,pic/tbs_unify_pro32_hv_pic1.webp,pic/tbs_unify_pro32_hv_pic2.webp,pic/tbs_unify_pro32_hv_pic3.webp,#generator-ustawien-vtx?vtx=tbs_unify_pro32_hv,https://www.team-blacksheep.com/products/prod:unifypro32_hv,manuals/manual_tbs_unify_pro32_hv.pdf,,,,,,,,
TBS,Unify Pro32 DP,3W,"5.8G, 4.9G, 6.1G",Smart Audio,80Ch,Brak,Brak,MMCX,Czarny,Złoty,Diody LED,pic/tbs_unify_pro32_dp_pic1.webp,pic/tbs_unify_pro32_dp_pic2.webp,,#generator-ustawien-vtx?vtx=tbs_unify_pro32_dp_3w,https://www.team-blacksheep.com/products/prod:pro32_dp,manuals/tbs_video_transmitter_unify_pro32_dp_manual.pdf,,,,,,,,
TBS,Unify Pro32 DP (modyfikacja),3W,"5.8G, 4.9G, 6.1G",Smart Audio,80Ch,Brak,Brak,MMCX,Metaliczny,Złoty,Diody LED,pic/tbs_unify_pro32_dp_(modyfikacja)_pic1.webp,pic/tbs_unify_pro32_dp_(modyfikacja)_pic2.webp,,#generator-ustawien-vtx?vtx=tbs_unify_pro32_dp_3w,https://www.team-blacksheep.com/products/prod:pro32_dp,manuals/tbs_video_transmitter_unify_pro32_dp_manual.pdf,Modyfikowane przez lokalnych producentów,,,,,,,
TBS,Crossfire Sixty9,1W,5.8G,Smart Audio,40Ch,Brak,20x20,U.FL/IPEX,Czarny,Metaliczny,Diody LED,pic/tbs_crossfire_sixty9_pic1.webp,,pic/tbs_crossfire_sixty9_pic3.webp,#generator-ustawien-vtx?vtx=tbs_sixty9,https://www.team-blacksheep.com/products/prod:crossfire_sixty9,,,,,,,,,
TBS,Tracer Sixty9,1W,5.8G,Smart Audio,40Ch,Brak,20x20,U.FL/IPEX,Biały,Metaliczny,Diody LED,pic/tbs_tracer_sixty9_pic1.webp,,pic/tbs_tracer_sixty9_pic3.webp,#generator-ustawien-vtx?vtx=tbs_sixty9,https://www.team-blacksheep.com/products/prod:tracer_sixty9,,,,,,,,,
IFlight,BLITZ,1.6W,5.8G,IRC Tramp,40Ch,Brak,30.5x30.5,MMCX,Czarny,Metaliczny,Diody LED,pic/iflight_blitz_pic1.webp,,pic/iflight_blitz_pic3.webp,,https://shop.iflight.com/BLITZ-1.6W-VTX-Adjustable-Pro1703?search=vtx,manuals/B011639_BLITZ 1.6W VTX Instructions_20250506.pdf,,,,,,,,
IFlight,BLITZ Whoop,1.6W,5.8G,IRC Tramp,40Ch,Brak,25.5x25.5,MMCX,Czarny,Metaliczny,Diody LED,pic/iflight_blitz_whoop_pic1.webp,,pic/iflight_blitz_whoop_pic3.webp,#generator-ustawien-vtx?vtx=iflight_blitz_whoop_1.6w,https://shop.iflight.com/BLITZ-Whoop-1.6W-VTX-Adjustable-Pro1982?search=vtx,manuals/B013728_BLITZ Whoop 5.8G 1.6W VTX Instructions_20250506.pdf,,,,,,,,
IFlight,BLITZ Whoop,2.5W,5.8G,IRC Tramp,40Ch,Wbudowany,25.5x25.5,MMCX,Czarny,Metaliczny,Diody LED,pic/iflight_blitz_whoop_2_pic1.webp,,pic/iflight_blitz_whoop_2_pic3.webp,#generator-ustawien-vtx?vtx=iflight_blitz_whoop_2.5w,https://shop.iflight.com/BLITZ-Whoop-5.8G-2.5W-VTX-Pro2060?search=vtx,manuals/B014898_BLITZ Whoop 5.8G 2.5W VTX lnstructions_20250909.pdf,,,,,,,,
IFlight,BLITZ Whoop 4.9,2.5W,4.9G,IRC Tramp,9Ch,Wbudowany,25.5x25.5,MMCX,Czarny,Metaliczny,Diody LED,pic/iflight_blitz_whoop_4.9_pic1.webp,,pic/iflight_blitz_whoop_4.9_pic3.webp,#generator-ustawien-vtx?vtx=iflight_blitz_whoop_4.9g_2.5w,https://iflight-rc.eu/en/products/blitz-whoop-4-9ghz-2-5w-vtx,manuals/B015215_BLITZ Whoop 4.9G 2.5W VTX lnstructions_20240507.pdf,,,,,,,,
IFlight,BLITZ 3.3G,2W,3.3G,IRC Tramp,32Ch,Wbudowany,25.5x25.5,MMCX,Czarny,Metaliczny,Diody LED,pic/iflight_blitz_3.3g_pic1.webp,,pic/iflight_blitz_3.3g_pic3.webp,#generator-ustawien-vtx?vtx=iflight_blitz_3.3g_2w,,,,,,,,,,
IFlight,BLITZ 1.2G,1.6W,1.2G,IRC Tramp,,Wbudowany,25.5x25.5,MMCX,Czarny,Metaliczny,Diody LED,pic/iflight_blitz_1.2g_pic1.webp,pic/iflight_blitz_1.2g_pic2.webp,,#generator-ustawien-vtx?vtx=iflight_blitz_1.2g_1.6w,,,,,,,,,,
GEPRC,RAD Mini 5.8G,1W,5.8G,IRC Tramp,48Ch,Brak,30.5x30.5,U.FL/IPEX,Czarny,Metaliczny,Diody LED,pic/geprc_rad_mini_5.8g_pic1.webp,,pic/geprc_rad_mini_5.8g_pic3.webp,#generator-ustawien-vtx?vtx=geprc_rad_mini_5.8g_1w_48ch,https://geprc.com/product/geprc-rad-mini-5-8g-1w-vtx/,,,,,,,,,
GEPRC,RAD 5.8G,1.6W,5.8G,IRC Tramp,40Ch,Brak,30.5x30.5,MMCX,Czarny,Złoty,Diody LED,pic/geprc_rad_5.8g_pic1.webp,pic/geprc_rad_5.8g_pic2.webp,,#generator-ustawien-vtx?vtx=geprc_rad_5.8g_1.6w_40ch,https://geprc.com/product/geprc-rad-vtx-5-8g-1-6w/,manuals/RAD-1.6w-Manual-2.4-English.pdf,,,,,,,,
GEPRC,RAD 5.8G,2.5W,5.8G,IRC Tramp,40Ch,Brak,30.5x30.5,MMCX,Czarny,Złoty,Diody LED,pic/geprc_rad_5.8g_2_pic1.webp,,,#generator-ustawien-vtx?vtx=geprc_rad_5.8g_2.5w_40ch,https://geprc.com/product/geprc-rad-vtx-5-8g-2-5w/,manuals/geprc_rad_vtx_user_manual.pdf,,,,,,,,
GEPRC,MATEN 5.8G,1.6W,5.8G,IRC Tramp,72Ch,Brak,30.5x30.5,MMCX,Czarny,Biały,Diody LED,pic/geprc_maten_5.8g_pic1.webp,,pic/geprc_maten_5.8g_pic3.webp,#generator-ustawien-vtx?vtx=geprc_maten_5.8g_1.6w_72ch,https://geprc.com/product/geprc-maten-5-8g-1-6w-vtx/,,,,,,,,,
GEPRC,MATEN 5.8G,2.5W,5.8G,IRC Tramp,72Ch,Brak,30.5x30.5,MMCX,Czarny,Biały,Diody LED,pic/geprc_maten_5.8g_2_pic1.webp,,pic/geprc_maten_5.8g_2_pic3.webp,#generator-ustawien-vtx?vtx=geprc_maten_5.8g_2.5w_72ch,https://geprc.com/product/geprc-maten-5-8g-2-5w-vtx/,,,,,,,,,
GEPRC,MATEN 5.8G Pro,2.5W,5.8G,IRC Tramp,72Ch,Wbudowany,30.5x30.5,MMCX,Czarny,Metaliczny,Diody LED,pic/geprc_maten_5.8g_pro_pic1.webp,,pic/geprc_maten_5.8g_pro_pic3.webp,#generator-ustawien-vtx?vtx=geprc_maten_5.8g_pro_2.5w_72ch,https://geprc.com/product/geprc-maten-5-8g-2-5w-vtx-pro/,,,,,,,,,
GEPRC,MATEN 5.8G Pro,2.5W,5.8G,IRC Tramp,72Ch,Wbudowany,30.5x30.5,MMCX,Czarny,Czerwony,Diody LED,pic/geprc_maten_5.8g_pro_2_pic1.webp,,pic/geprc_maten_5.8g_pro_2_pic3.webp,#generator-ustawien-vtx?vtx=geprc_maten_5.8g_pro_2.5w_72ch,https://geprc.com/product/geprc-maten-5-8g-2-5w-vtx-pro/,,Wycofany z produkcji od marca 2024. Zastąpiony szarym,Wycofano z produkcji,,,,,,
GEPRC,MATEN 4.9G Pro,2.5W,4.9G,IRC Tramp,8Ch,Wbudowany,30.5x30.5,MMCX,Czarny,Metaliczny,Diody LED,pic/geprc_maten_4.9g_pro_pic1.webp,pic/geprc_maten_4.9g_pro_pic2.webp,pic/geprc_maten_4.9g_pro_pic3.webp,#generator-ustawien-vtx?vtx=geprc_maten_4.9g_pro_2.5w_8ch,,,,,,,,,,
GEPRC,MATEN 5.8G Pro,3W,"5.8G, 4.9G",IRC Tramp,80Ch,Wbudowany,30.5x30.5,MMCX,Czarny,Metaliczny,Diody LED,pic/geprc_maten_5.8g_pro_3_pic1.webp,,pic/geprc_maten_5.8g_pro_3_pic3.webp,#generator-ustawien-vtx?vtx=geprc_maten_5.8g_pro_3w_80ch,https://geprc.com/product/geprc-maten-5-8g-3w-vtx-pro-vtx/,,,,,,,,,
GEPRC,MATEN 5.8G Pro,5W,"5.8G, 4.9G",IRC Tramp,80Ch,Wbudowany,20x20,SMA,Czarny,Biały,Diody LED,pic/geprc_maten_5.8g_pro_4_pic1.webp,,pic/geprc_maten_5.8g_pro_4_pic3.webp,#generator-ustawien-vtx?vtx=geprc_maten_5.8g_pro_5w_80ch,https://geprc.com/product/geprc-maten-5-8g-5w-vtx-pro/,,,,,,,,,
GEPRC,MATEN 5.8G Pro,10W,"5.8G, 4.9G, 6.1G",IRC Tramp,96Ch,Wbudowany,"30.5x30.5, 20x20",SMA,Czarny,Biały,Diody LED,pic/geprc_maten_5.8g_pro_5_pic1.webp,pic/geprc_maten_5.8g_pro_5_pic2.webp,pic/geprc_maten_5.8g_pro_5_pic3.webp,#generator-ustawien-vtx?vtx=geprc_maten_5.8g_pro_10w_96ch,https://geprc.com/product/geprc-maten-5-8g-10w-vtx-pro/,,Obsługuje dowolne wprowadzanie częstotliwości w paśmie 4884-6184 MHz,Dowolne częstotliwości,,,,,,
GEPRC,MATEN 3.3G,3W,3.3G,IRC Tramp,40Ch,Wbudowany,20x20,MMCX,Czarny,Metaliczny,Diody LED,pic/geprc_maten_3.3g_pic1.webp,,pic/geprc_maten_3.3g_pic3.webp,#generator-ustawien-vtx?vtx=geprc_maten_3.3g_pro_3w,https://geprc.com/product/geprc-maten-3-3g-3w-vtx-pro/,,,,,,,,,
GEPRC,MATEN 1.2G,2W,1.2G,IRC Tramp,9Ch,Brak,30.5x30.5,MMCX,Czarny,Biały,Diody LED,pic/geprc_maten_1.2g_pic1.webp,,pic/geprc_maten_1.2g_pic3.webp,#generator-ustawien-vtx?vtx=geprc_maten_1.2g_2w,https://geprc.com/product/geprc-maten-1-2g-2w-vtx/,,,,,,,,,
GEPRC,MATEN 1.2G Pro,5W,1.2G,IRC Tramp,9Ch,Wbudowany,30.5x30.5,SMA,Czarny,Biały,Diody LED,pic/geprc_maten_1.2g_pro_pic1.webp,,pic/geprc_maten_1.2g_pro_pic3.webp,#generator-ustawien-vtx?vtx=geprc_maten_1.2g_pro_5w,https://geprc.com/product/geprc-maten-1-2g-5w-vtx-pro/,,,,,,,,,
HGLRC,Zeus VTX PRO,1.6W,5.8G,IRC Tramp,40Ch,Brak,20x20,MMCX,Czerwony,Czarny,Diody LED,pic/hglrc_zeus_vtx_pro_pic1.webp,,pic/hglrc_zeus_vtx_pro_pic3.webp,,https://www.hglrc.com/products/hglrc-zeus-vtx-pro-1-6w-for-fpv-racing-drone,manuals/Zeus 1.6W VTX Pro.pdf,,,,,,,,
HGLRC,Zeus VTX,2.5W,5.8G,IRC Tramp,40Ch,Brak,30.5x30.5,MMCX,Czarny,Biały,Diody LED,pic/hglrc_zeus_vtx_pic1.webp,pic/hglrc_zeus_vtx_pic2.webp,pic/hglrc_zeus_vtx_pic3.webp,,https://www.hglrc.com/collections/vtx/products/hglrc-zeus-vtx-2-5w-high-power-5-8g-image-transmission-adjustable-power-aerial-photography-travel-fpv,manuals/Zeus VTX 2.5W.pdf,,,,,,,,
HGLRC,High power VTX,5W,"5.8G, 4.9G",Smart Audio,80Ch,Wbudowany,30.5x30.5,SMA,Czarny,Metaliczny,Diody LED,pic/hglrc_high_power_vtx_pic1.webp,pic/hglrc_high_power_vtx_pic2.webp,,,https://www.hglrc.com/collections/vtx/products/5-8g-5-5w-high-power-vtx-adjustable-power-aerial-photography-fpv-drone,,,,,,,,,
AKK,Infinite DVR,1W,5.8G,Smart Audio,40Ch,Brak,30.5x30.5,MMCX,Czarny,Złoty,Diody LED,pic/akk_infinite_dvr_pic1.webp,pic/akk_infinite_dvr_pic2.webp,pic/akk_infinite_dvr_pic3.webp,,https://www.akktek.com/products/vtx/infinite-dvr-vtx.html,,,,,,,,,
AKK,FX3-Ultimate-DVR,1W,5.8G,Smart Audio,40Ch,Brak,30.5x30.5,MMCX,Czarny,Złoty,Diody LED,pic/akk_fx3-ultimate-dvr_pic1.webp,pic/akk_fx3-ultimate-dvr_pic2.webp,pic/akk_fx3-ultimate-dvr_pic3.webp,,https://www.akktek.com/products/vtx/fx3-ultimate-dvr-vtx.html,,,,,,,,,
AKK,FX2-ultimate-mini,1.2W,5.8G,Smart Audio,40Ch,Brak,30.5x30.5,MMCX,Czarny,Złoty,Diody LED,pic/akk_fx2-ultimate-mini_pic1.webp,pic/akk_fx2-ultimate-mini_pic2.webp,pic/akk_fx2-ultimate-mini_pic3.webp,,https://www.akktek.com/products/vtx/akk-fx2-ultimate-mini.html,,,,,,,,,
AKK,FX2-ultimate,1.2W,5.8G,Smart Audio,40Ch,Brak,30.5x30.5,MMCX,Czarny,Złoty,Ekran,pic/akk_fx2-ultimate_pic1.webp,pic/akk_fx2-ultimate_pic2.webp,pic/akk_fx2-ultimate_pic3.webp,,https://www.akktek.com/products/vtx/akk-fx2-ultimate.html,,,,,,,,,
AKK,Race Ranger,1.6W,5.8G,Smart Audio,40Ch,Brak,30.5x30.5,MMCX,Czerwony,Czarny,Diody LED,pic/akk_race_ranger_pic1.webp,,pic/akk_race_ranger_pic3.webp,#generator-ustawien-vtx?vtx=akk_race_ranger_1.6w_48ch,https://www.akktek.com/products/vtx/akk-race-ranger-n-a-for-us-customer.html,,,,,,,,,
AKK,FX2 Dominator,2W,5.8G,Smart Audio,40Ch,Brak,30.5x30.5,MMCX,Czarny,Złoty,Ekran,pic/akk_fx2_dominator_pic1.webp,pic/akk_fx2_dominator_pic2.webp,pic/akk_fx2_dominator_pic3.webp,#generator-ustawien-vtx?vtx=akk_fx2_dominator_2w_48ch,https://www.akktek.com/products/vtx/fx2-dominator.html,manuals/akk_fx2_dominator_manual.pdf,,,,,,,,
AKK,Ultra Long Range,3W,5.8G,Smart Audio,48Ch,Zdejmowany,30.5x30.5,MMCX,Czarny,Czarny,Diody LED,pic/akk_ultra_long_range_pic1.webp,pic/akk_ultra_long_range_pic2.webp,pic/akk_ultra_long_range_pic3.webp,#generator-ustawien-vtx?vtx=akk_ultra_long_range_3w_48ch,https://www.akktek.com/products/vtx/ultra-long-range-vtx.html,,,,,,,,,
AKK,Ultra Long Range AC,3W,"5.8G, 4.9G",Smart Audio,80Ch,Zdejmowany,30.5x30.5,MMCX,Czarny,Czarny,Diody LED,pic/akk_ultra_long_range_ac_pic1.webp,pic/akk_ultra_long_range_ac_pic2.webp,pic/akk_ultra_long_range_ac_pic3.webp,,https://www.akktek.com/products/vtx/ultra-long-range-all-channels-version-3w-80ch-vtx.html,manuals/akk_ultra_long_range_3w_49g_low_band_vtx_manual.pdf,Znany także jako TX3000AC,,,,,,,
AKK,TX5000AC,5W,"5.8G, 4.9G, 6.1G",Smart Audio,96Ch,Zdejmowany,30.5x30.5,MMCX,Czarny,Czarny,Diody LED,pic/akk_ultra_long_range_ac_2_pic1.webp,pic/akk_ultra_long_range_ac_2_pic2.webp,pic/hglrc_high_power_vtx_pic2.webp,#generator-ustawien-vtx?vtx=akk_tx5000ac_5w_96ch,https://www.akktek.com/products/vtx/akk-ultra-long-range-all-channels-version-5w-ultra-wide-band-96ch-vtx.html,,,,,,,,,
AKK,TX8000AC,8W,"5.8G, 4.9G, 6.1G",Smart Audio,96Ch,Zdejmowany,30.5x30.5,SMA,Czarny,Czarny,Ekran,pic/akk_ultra_long_range_ac_3_pic1.webp,pic/akk_ultra_long_range_ac_3_pic2.webp,pic/akk_tx8000ac_pic3.webp,,,manuals/akk_ultra_long_range_tx8000ac_manual.pdf,,,,,,,,
AKK,Alpha 4,4W,"5.8G, 4.9G",Smart Audio,80Ch,Zdejmowany,30.5x30.5,SMA,Czarny,Biały,Ekran,pic/akk_alpha_4_pic1.webp,pic/akk_alpha_4_pic2.webp,,#generator-ustawien-vtx?vtx=akk_alpha_4_4w_80ch,https://www.akktek.com/products/vtx/akk-alpha-4-5-8-ghz-4w-80ch-vtx.html,manuals/akk_alpha_4958ghz_45810w_vtx_manual.pdf,,,,,,,,
AKK,Alpha 5,5W,"5.8G, 4.9G",Smart Audio,80Ch,Zdejmowany,30.5x30.5,SMA,Czarny,Biały,Ekran,pic/akk_alpha_5_pic1.webp,pic/akk_alpha_5_pic2.webp,,#generator-ustawien-vtx?vtx=akk_alpha_5_5w_80ch,https://www.akktek.com/products/vtx/akk-alpha-5-5-8ghz-5w-80ch-vtx.html,manuals/akk_alpha_4958ghz_45810w_vtx_manual.pdf,,,,,,,,
AKK,Alpha 8,8W,"5.8G, 4.9G",Smart Audio,80Ch,Zdejmowany,30.5x30.5,SMA,Czarny,Biały,Ekran,pic/akk_alpha_8_pic1.webp,pic/akk_alpha_8_pic2.webp,,#generator-ustawien-vtx?vtx=akk_alpha_8_8w_80ch,https://www.akktek.com/products/vtx/akk-alpha-8-5-8ghz-8w-80ch-vtx.html,manuals/akk_alpha_4958ghz_45810w_vtx_manual.pdf,,,,,,,,
AKK,Alpha 10,10W,"5.8G, 4.9G",Smart Audio,80Ch,Zdejmowany,30.5x30.5,SMA,Czarny,Biały,Ekran,pic/akk_alpha_10_pic1.webp,pic/akk_alpha_10_pic2.webp,,#generator-ustawien-vtx?vtx=akk_alpha_10_10w_80ch,,manuals/akk_alpha_4958ghz_45810w_vtx_manual.pdf,,,,,,,,
AKK,Alpha 16,16W,"5.8G, 4.9G, 6.1G",Smart Audio,96Ch,Zdejmowany,30.5x30.5,SMA,Czarny,Biały,Ekran,pic/akk_alpha_16_pic1.webp,pic/akk_alpha_16_pic2.webp,pic/akk_alpha_16_pic3.webp,,,manuals/akk_alpha_16w_vtx_manual.pdf,,,,,,,,
AKK,T3050,3W,"4.9G, 3.3G",Smart Audio,80Ch,Zdejmowany,41.5x30.5,SMA,Czarny,Czarny,,pic/akk_t3050_pic1.webp,pic/akk_t3050_pic2.webp,,,,,,,,,,,,
DEC1,Spot,2.5W,"5.8G, 4.9G, 6.1G",IRC Tramp,64Ch,Wbudowany,30.5x30.5,MMCX,Metaliczny,Metaliczny,Diody LED,pic/dec1_d1_pic1.webp,,pic/dec1_d1_pic3.webp,,https://vtx.dec1rnd.com/,manuals/video_transmitter_vtx_d1_25w_manual.pdf,Stara nazwa D1,Dowolne częstotliwości,,,,,,
DEC1,Spot SMA,2.5W,"5.8G, 4.9G, 6.1G",IRC Tramp,64Ch,Wbudowany,30.5x30.5,SMA,Czarny,Czarny,Diody LED,pic/dec1_spot_sma_pic1.webp,,pic/dec1_spot_sma_pic3.webp,,https://vtx.dec1rnd.com/,manuals/video_transmitter_vtx_d1_25w_manual.pdf,Stara nazwa D1 SMA,Dowolne częstotliwości,,,,,,
Scream Industries,SI1012 v1.0,4W,7G +,,64Ch,Wbudowany,30.5x30.5,SMA,Fioletowy,Czarny,Diody LED,pic/scream_industries_si1012_v1.0_pic1.webp,pic/scream_industries_si1012_v1.0_pic2.webp,pic/scream_industries_si1012_v1.0_pic3.webp,,https://www.scream-industries.com/product/fpv-videoperedavach-10-12-ghz/,,,,,,,,,
LST,5.8G,3W,5.8G,IRC Tramp,48Ch,Wbudowany,30.5x30.5,MMCX,Szary,Pomarańczowy,Diody LED,pic/lst_5.8g_pic1.webp,,pic/lst_5.8g_pic3.webp,,,,,,,,,,,
LST,3.3G,3W,3.3G,IRC Tramp,16Ch,Wbudowany,30.5x30.5,MMCX,Metaliczny,Niebieski,Diody LED,pic/lst_3.3g_pic1.webp,,pic/lst_3.3g_pic3.webp,,,,,,,,,,,
LST,3.3G,4W,3.3G,IRC Tramp,16Ch,Wbudowany,30.5x30.5,MMCX,Czarny,Czerwony,Diody LED,pic/lst_3.3g_2_pic1.webp,,,,,,,,,,,,,
LST,4.9G,1.6W,4.9G,IRC Tramp,8Ch,Brak,30.5x30.5,MMCX,Czerwony,Czarny,Diody LED,pic/lst_4.9g_pic1.webp,pic/lst_4.9g_pic2.webp,,,,,,,,,,,,
LST,4.9-6.1G,3W,"5.8G, 4.9G, 6.1G",IRC Tramp,72Ch,Wbudowany,30.5x30.5,MMCX,Szary,Czerwony,Diody LED,pic/lst_4.9-6.1g_pic1.webp,,pic/lst_4.9-6.1g_pic3.webp,,,,Obsługuje dowolne wprowadzanie częstotliwości w paśmie 4867-6100 MHz,Dowolne częstotliwości,,,,,,
ReadyToSky ,1.2G,1W,1.2G,Brak,9Ch,Brak,30.5x30.5,SMA,Czarny,Metaliczny,Diody LED,pic/readytosky_1.2g_pic1.webp,pic/readytosky_1.2g_pic2.webp,pic/readytosky_1.2g_pic3.webp,,,,,,,,,,,
ReadyToSky ,1.2G,2W,1.2G,IRC Tramp,9Ch,Wbudowany,30.5x30.5,MMCX,Metaliczny,Pomarańczowy,Diody LED,pic/readytosky_1.2g_2_pic1.webp,,pic/readytosky_1.2g_pic3.webp,,,,,,,,,,,
ReadyToSky ,3.3G,4W,3.3G,Brak,16Ch,Wbudowany,30.5x30.5,MMCX,Czarny,Biały,Diody LED,pic/readytosky_3.3g_pic1.webp,,pic/readytosky_3.3g_pic3.webp,,,,,,,,,,,
ReadyToSky ,3.3G,2.5W,3.3G,IRC Tramp,16Ch,Wbudowany,25.5x25.5,MMCX,Czarny,Pomarańczowy,Diody LED,pic/readytosky_3.3g_2_pic1.webp,pic/readytosky_3.3g_2_pic2.webp,,,,,Dodane przez użytkowników,,,,,,,
JHEMCU,RuiBet,1.6W,5.8G,IRC Tramp,40Ch,Brak,30.5x30.5,MMCX,Czarny,Biały,Diody LED,pic/jhemcu_ruibet_pic1.webp,pic/jhemcu_ruibet_pic2.webp,,,https://www.jhemcu.com/e_productshow/?61-JHEMCU-RuiBet-Tran-3016W-58GHZ-16W-image-transmission-wireless-video-transmission-supporting-audio-transmission-61.html,,,,,,,,,
JHEMCU,VTX2W5,2.5W,5.8G,IRC Tramp,40Ch,Brak,30.5x30.5,MMCX,Czarny,Biały,Diody LED,pic/jhemcu_vtx2w5_pic1.webp,pic/jhemcu_vtx2w5_pic2.webp,pic/jhemcu_vtx2w5_pic3.webp,,https://www.jhemcu.com/e_productshow/?69-JHEMCU-VTX2W5-58GHZ-25W-image-transmission-69.html,,,,,,,,,
Ultra,2500,2.5W,"5.8G, 4.9G",IRC Tramp,64Ch,Brak,30.5x30.5,MMCX,Czarny,Biały,Diody LED,pic/ultra_2500_pic1.webp,pic/ultra_2500_pic2.webp,pic/ultra_2500_pic3.webp,,https://www.readytosky.com/e_productshow/?1298-VTX-25W-49G-58G-64CH-2500mW-Pit25400800mW15W25W-Adjustable-Transmitter-305x305mm-for-Long-Range-RC-Drone-Models-1298.html,,,,,,,,,
Ultra,3000,3W,"5.8G, 4.9G",IRC Tramp,64Ch,Wbudowany,20x20,MMCX,Czarny,Czerwony,Diody LED,pic/ultra_3000_pic1.webp,,pic/ultra_3000_pic3.webp,,,,,,,,,,,
SpeedyBee,TX ULTRA,1.6W,5.8G,IRC Tramp,48Ch,Brak,20x20,MMCX,Metaliczny,Żółty,Diody LED,pic/speedybee_tx_ultra_pic1.webp,pic/speedybee_tx_ultra_pic2.webp,,,https://www.speedybee.com/speedybee-tx-ultra/,manuals/SpeedyBee-TX-1600-EN.pdf,,,,,,,,
SpeedyBee,TX800,0.8W,5.8G,IRC Tramp,40Ch,Brak,20x20,MMCX,Metaliczny,Żółty,Diody LED,pic/speedybee_tx800_pic1.webp,pic/speedybee_tx800_pic2.webp,,,https://www.speedybee.com/speedybee-tx800/,manuals/SpeedyBee-TX800-manual_EN.pdf,,,,,,,,
FTWHOBBY,Hiker,1.6W,5.8G,IRC Tramp,40Ch,Brak,20x20,MMCX,Czarny,Biały,Diody LED,pic/ftwhobby_hiker_pic1.webp,,pic/ftwhobby_hiker_pic3.webp,,,,,,,,,,,
FTWHOBBY,Hiker,2.5W,5.8G,IRC Tramp,40Ch,Wbudowany,20x20,MMCX,Czarny,Czerwony,Diody LED,pic/ftwhobby_hiker_2_pic1.webp,,pic/ftwhobby_hiker_2_pic3.webp,,,,,,,,,,,
FTWHOBBY,Hiker 1.2G,1.6W,1.2G,IRC Tramp,9Ch,Brak,20x20,MMCX,Czarny,Metaliczny,Diody LED,pic/ftwhobby_hiker_1.2g_pic1.webp,pic/ftwhobby_hiker_1.2g_pic2.webp,pic/ftwhobby_hiker_1.2g_pic3.webp,,,,,,,,,,,
SKYZONE,ATOMRC TX1200,1.2W,5.8G,IRC Tramp,40Ch,Zdejmowany,30.5x30.5,MMCX,Czarny,Czarny,Ekran,pic/skyzone_atomrc_tx1200_pic1.webp,pic/skyzone_atomrc_tx1200_pic2.webp,,,https://www.skyzonefpv.com/products/atomrc-tx1200-analog-vtx,,,,,,,,,
SKYZONE,ATOMRC TX1201,1.2W,"5.8G, 4.9G",IRC Tramp,56Ch,Brak,30.5x30.5,MMCX,Czerwony,Złoty,Ekran,pic/skyzone_atomrc_tx1201_pic1.webp,pic/skyzone_atomrc_tx1201_pic2.webp,,,https://www.skyzonefpv.com/products/atomrc-tx1201-5-8g-1-2w-vtx,,,,,,,,,
SKYZONE,TX2500,2.5W,"5.8G, 4.9G",IRC Tramp,56Ch,Zdejmowany,30.5x30.5,SMA,Czarny,Czarny,Ekran,pic/skyzone_tx2500_pic1.webp,pic/skyzone_tx2500_pic2.webp,,,https://www.skyzonefpv.com/products/skyzone-atomrc-tx2500-vtx-with-2-5w-output-and-5-8g-antenna,,,,,,,,,
SKYZONE,TX2501,2.5W,"5.8G, 4.9G",IRC Tramp,56Ch,Brak,30.5x30.5,MMCX,Czarny,Czarny,Ekran,pic/skyzone_tx2501_pic1.webp,pic/skyzone_tx2501_pic2.webp,,,https://www.skyzonefpv.com/products/skyzone-tx2501-vtx-with-adjustable-power-output,,,,,,,,,
SKYZONE,TX2501 CNC,2.5W,"5.8G, 4.9G",IRC Tramp,56Ch,Zdejmowany,30.5x30.5,MMCX,Czarny,Czarny,Ekran,pic/skyzone_tx2501_cnc_pic1.webp,pic/skyzone_tx2501_cnc_pic2.webp,,,https://www.skyzonefpv.com/products/skyzone-tx2501-cnc-5-8g-2-5w-vtx,manuals/skyzone_tx2501_cnc_58g_25w_l_x_band_vtx_manual.pdf,,,,,,,,
SKYZONE,TX2501 CNC (2025),2.5W,"5.8G, 4.9G, 6.1G",IRC Tramp,64Ch,Zdejmowany,30.5x30.5,MMCX,Czarny,Czarny,Ekran,pic/skyzone_tx2501_cnc_pic1.webp,pic/skyzone_tx2501_cnc_pic2.webp,,,,manuals/TX2501CNC-S.webp,Zaktualizowana wersja z obsługą 6.1G,Zaktualizowana wersja,,,,,,
SKYZONE,ATOMRC 1.2G,1.2W,1.2G,IRC Tramp,9Ch,Brak,30.5x30.5,MMCX,Czarny,Złoty,Ekran,pic/skyzone_atomrc_1.2g_pic1.webp,pic/skyzone_atomrc_1.2g_pic2.webp,,,https://www.skyzonefpv.com/products/atomrc-1-2g-1-6w-led-video-transmitter,,,,,,,,,
SKYZONE,VT1225,2.5W,1.2G,IRC Tramp,16Ch,Wbudowany,30.5x30.5,MMCX,Czarny,Czarny,Ekran,pic/skyzone_vt1225_pic1.webp,pic/skyzone_vt1225_pic2.webp,pic/skyzone_vt1225_pic3.webp,,https://www.skyzonefpv.com/products/skyzone-vt1225-cnc-vtx,,,,,,,,,
SKYZONE,VT5850 CNC 6G,5W,6.1G,IRC Tramp,64Ch,Wbudowany,30.5x30.5,MMCX,Czarny,Czarny,Ekran,pic/skyzone_vt5850_cnc_6g_pic1.webp,pic/skyzone_vt5850_cnc_6g_pic2.webp,pic/skyzone_vt5850_cnc_6g_pic3.webp,,https://www.skyzonefpv.com/collections/vtx/products/skyzone-vt5850-cnc-6-2g-vtx,manuals/VT5850_CNC_6.2G_VTX_251031EN.webp,,,,,,,,
SKYZONE,VT6550 CNC 6.5G,4W,6.1G,IRC Tramp,32Ch,Wbudowany,30.5x30.5,MMCX,Czarny,Czarny,Ekran,pic/skyzone_vt6550_cnc_6.5g_pic1.webp,pic/skyzone_vt6550_cnc_6.5g_pic2.webp,pic/skyzone_vt6550_cnc_6.5g_pic3.webp,,https://www.skyzonefpv.com/collections/vtx/products/skyzone-vt6550-cnc-6-5g-vtx,manuals/VT6550_CNC_6.5G_VTX_251031EN.webp,,,,,,,,
SKYZONE,VT7550 CNC 7.5G,5W,7G +,IRC Tramp,72Ch,Wbudowany,20x20,SMA,Czarny,Czerwony,Ekran,pic/skyzone_vt7550_cnc_7.5g_pic1.webp,pic/skyzone_vt7550_cnc_7.5g_pic2.webp,pic/skyzone_vt7550_cnc_7.5g_pic3.webp,,https://www.skyzonefpv.com/collections/vtx/products/skyzone-vt7550-cnc-7-5g-vtx,manuals/VT7.5G_EN260113.webp,,,,,,,,
DIATONE,MAMBA,1.6W,5.8G,IRC Tramp,48Ch,Brak,30.5x30.5,MMCX,Czarny,Biały,Diody LED,pic/diatone_mamba_pic1.webp,,,,https://www.diatone.us/products/mamba-5-8g-1-6w-video-transimitter,,,,,,,,,
DIATONE,Mamba Ultra,2.5W,5.8G,IRC Tramp,40Ch,Brak,30.5x30.5,MMCX,Czarny,Biały,Diody LED,pic/diatone_mamba_ultra_pic1.webp,,,,https://www.diatone.us/products/mamba-ultra-2500mw-5-8g-video-transmitter,,,,,,,,,
DIATONE,Mamba Ultra,1W,5.8G,IRC Tramp,40Ch,Brak,30.5x30.5,MMCX,Czarny,Biały,Diody LED,pic/diatone_mamba_ultra_2_pic1.webp,pic/diatone_mamba_ultra_2_pic2.webp,,,,,,,,,,,,
DIATONE,Mamba Dual Core,2.5W,5.8G,IRC Tramp,72Ch,Wbudowany,30.5x30.5,MMCX,Czarny,Czerwony,Diody LED,pic/diatone_dual_core_pic1.webp,,,,https://www.diatone.us/products/mamba-dual-core-5-8g-2-5w-vtx,manuals/MAMBA-5.8g-Pro-Dual-Core-80CH.pdf,,,,,,,,
PandaRC,VT-5804-BAT,2.5W,5.8G,IRC Tramp,48Ch,Brak,30.5x30.5,MMCX,Złoty,Biały,Diody LED,pic/pandarc_vt-5804-bat_pic1.webp,,,,,,,,,,,,,
PandaRC,VT-5804-BAT,2.5W,5.8G,IRC Tramp,48Ch,Brak,30.5x30.5,MMCX,Czarny,Biały,Diody LED,pic/pandarc_vt-5804-bat_2_pic1.webp,,,,,,,,,,,,,
PandaRC,VT-5804-BAT PRO,2.8W,"5.8G, 4.9G, 6.1G",IRC Tramp,64Ch,Wbudowany,20x20,MMCX,Złoty,Biały,Diody LED,pic/pandarc_vt-5804-bat_pro_pic1.webp,pic/pandarc_vt-5804-bat_pro_pic2.webp,,,,,,,,,,,,
Axisflying,SMURFS,1.6W,5.8G,IRC Tramp,40Ch,Brak,20x20,U.FL/IPEX,Niebieski,Biały,Diody LED,pic/axisflying_smurfs_pic1.webp,,,,https://www.axisflying.com/products/smurfs-vtx-58g-16w-analog-image-transmission?VariantsId=10498,,,,,,,,,
Axisflying,ROCK,3W,5.8G,IRC Tramp,40Ch,Wbudowany,20x20,MMCX,Czarny,Czerwony,Diody LED,pic/axisflying_rock_pic1.webp,pic/axisflying_rock_pic2.webp,,,https://www.axisflying.com/products/axisflying-rock-58g-3w-built-in-mlc-anti-interference-dual-core-image-transmission-for-drone,,,,,,,,,
Axisflying,TERK Max,3W,"5.8G, 4.9G",IRC Tramp,56Ch,Wbudowany,20x20,MMCX,Czarny,Czerwony,Diody LED,pic/axisflying_terk_max_pic1.webp,,,,https://www.axisflying.com/products/axisflying-58g-3w-analog-vtx-drones-accessories,,,,,,,,,
Axisflying,TERK Max,5W,"5.8G, 4.9G",IRC Tramp,56Ch,Wbudowany,20x20,MMCX,Czarny,Czerwony,Diody LED,pic/axisflying_terk_max_2_pic1.webp,,,,https://www.axisflying.com/products/axisflying-58g-5w-analog-vtx-drones-accessories,,,,,,,,,
Axisflying,3.3G,2.5W,3.3G,IRC Tramp,16Ch,Wbudowany,20x20,MMCX,Czarny,Czerwony,Diody LED,pic/axisflying_3.3g_pic1.webp,,,,https://www.axisflying.com/products/axisflying-33g-25w-analog-vtx-drones-accessories?VariantsId=10503,,,,,,,,,
Axisflying,TERK 1.2G,4W,1.2G,IRC Tramp,16Ch,Wbudowany,20x20,SMA,Czarny,Czerwony,Diody LED,pic/axisflying_terk_1.2g_pic1.webp,pic/axisflying_terk_1.2g_pic2.webp,pic/axisflying_terk_1.2g_pic3.webp,,https://www.axisflying.com/products/12g-4w-vtx-transmitter-high-power-wireless-video-transmission?VariantsId=10688,manuals/TERKVTX-4W12GInstructions.pdf,,,,,,,,
FlashHobby,Solar,2.5W,5.8G,IRC Tramp,40Ch,Brak,30.5x30.5,MMCX,Czarny,Niebieski,Diody LED,pic/flashhobby_solar_pic1.webp,,,,,,,,,,,,,
FlashHobby,Solar,2.5W,5.8G,IRC Tramp,40Ch,Brak,30.5x30.5,MMCX,Czarny,Pomarańczowy,Diody LED,pic/flashhobby_solar_2_pic1.webp,,,,,,,,,,,,,
Flytex,Fuzia,2.5W,"5.8G, 4.9G",IRC Tramp,80Ch,Brak,30.5x30.5,MMCX,Metaliczny,Fioletowy,Diody LED,pic/flytex_fuzia_pic1.webp,pic/flytex_fuzia_pic2.webp,,,https://flytex.pro/transmitters-and-receivers-ua/fuzia-vtx-ua.html,,,,,,,,,
Stingbee,Stellar VTX,2.5W,"5.8G, 4.9G",IRC Tramp,64Ch,Brak,30.5x30.5,MMCX,Metaliczny,Niebieski,Diody LED,pic/stingbee_stellar_vtx_pic1.webp,pic/stingbee_stellar_vtx_pic2.webp,,,https://stingbee.com.ua/vtx/stellar_vtx_2.5,,,,,,,,,
Caddx?,Graph12,4W,1.2G,IRC Tramp,9Ch,Zdejmowany,30.5x30.5,SMA,Czarny,Czarny,Diody LED,pic/caddx__graph12_pic1.webp,,,,,,,,,,,,,
HumbirdTec,1G3TE,2W,1.2G,IRC Tramp,9Ch,Brak,30.5x30.5,SMA,Niebieski,Czarny,Diody LED,pic/humbirdtec_1g3te_pic1.webp,pic/humbirdtec_1g3te_pic2.webp,,,,,,,,,,,,
Noname,Totem,2.5W,5.8G,IRC Tramp,48Ch,Wbudowany,25.5x25.5,MMCX,Czarny,Czerwony,Diody LED,pic/noname_totem_pic1.webp,pic/noname_totem_pic2.webp,,,,,,,,,,,,
SoloGood,PAx 2,2.5W,5.8G,IRC Tramp,40Ch,Brak,30.5x30.5,MMCX,Czarny,Złoty,Diody LED,pic/sologood_pax_2_pic1.webp,pic/sologood_pax_2_pic2.webp,,,https://www.sologood.net/products/sologood-5-8g-max-2-5w-40ch-vtx-0-25-400-800-1500-2500mw-ntsc-pal-for-rc-fpv-freestyle-long-range-racing-drone?_pos=13&_sid=127c3e1a7&_ss=r,,,,,,,,,
PAURC,VTX,3W,"5.8G, 4.9G",IRC Tramp,80Ch,Wbudowany,20x20,MMCX,Niebieski,Czarny,Diody LED,pic/paurc_vtx_pic1.webp,pic/paurc_vtx_pic2.webp,,,,,,,,,,,,
PAURC,VTX,1.6W,5.8G,IRC Tramp,48Ch,Brak,20x20,MMCX,Niebieski,Czarny,Diody LED,pic/paurc_vtx_2_pic1.webp,pic/paurc_vtx_2_pic2.webp,,,,,,,,,,,,
Aikon,VTX,2.5W,5.8G,IRC Tramp,40Ch,Wbudowany,20x20,MMCX,Czarny,Biały,Diody LED,pic/aikon_vtx_pic1.webp,pic/aikon_vtx_pic2.webp,,,,,,,,,,,,
Aikon,VTX,2.5W,5.8G,IRC Tramp,40Ch,Brak,30.5x30.5,MMCX,Czarny,Złoty,Diody LED,pic/aikon_vtx_2_pic1.webp,pic/aikon_vtx_2_pic2.webp,,,,,,,,,,,,
AocodaRC,FX112T,2W,1.2G,,8Ch,Wbudowany,20x20,MMCX,Czarny,Czerwony,Diody LED,pic/aocodarc_fx112t_pic1.webp,pic/aocodarc_fx112t_pic2.webp,,,,,,,,,,,,
AocodaRC,3016,1.6W,5.8G,IRC Tramp,40Ch,Brak,30.5x30.5,MMCX,Czarny,Biały,Diody LED,pic/aocodarc_3016_pic1.webp,pic/aocodarc_3016_pic2.webp,,,https://www.aocoda-rc.com/products/69,,,,,,,,,
JINJIEAN,,2.5W,5.8G,IRC Tramp,48Ch,Brak,30.5x30.5,MMCX,Czarny,Biały,Diody LED,pic/jinjiean_prod1_pic1.webp,pic/jinjiean_prod1_pic2.webp,,,,,,,,,,,,
JINJIEAN,,2.5W,5.8G,IRC Tramp,72Ch,Brak,30.5x30.5,MMCX,Czarny,Biały,Diody LED,pic/jinjiean_prod2_pic1.webp,pic/jinjiean_prod2_pic2.webp,,,,,,,,,,,,
RCDrone,,5W,"5.8G, 4.9G",IRC Tramp,80Ch,Wbudowany,20x20,MMCX,Czarny,Czarny,Diody LED,pic/rcdrone_prod1_pic1.webp,pic/rcdrone_prod1_pic2.webp,,,,,,,,,,,,
E-POWERRC,,4W,"5.8G, 4.9G",IRC Tramp,56Ch,Wbudowany,20x20,MMCX,Czarny,Czerwony,Diody LED,pic/e-powerrc_prod1_pic1.webp,pic/e-powerrc_prod1_pic2.webp,,,,,,,,,,,,
TEARCKEP,,2.5W,5.8G,IRC Tramp,48Ch,Wbudowany,20x20,MMCX,Czarny,Czerwony,Diody LED,pic/tearckep_prod1_pic1.webp,pic/tearckep_prod1_pic2.webp,,,,,,,,,,,,
BOSCAM,,3W,5.8G,IRC Tramp,48Ch,Wbudowany,30.5x30.5,MMCX,Czarny,Czarny,Diody LED,pic/boscam_prod1_pic1.webp,pic/boscam_prod1_pic2.webp,,,,,,,,,,,,
Noname,,1.6W,1.2G,Brak,8Ch,Brak,Brak,SMA,Metaliczny,Metaliczny,Ekran,pic/noname_prod1_pic1.webp,pic/noname_prod1_pic2.webp,,,,,Występują wersje na 1.5 GHz,,,,,,,
Noname,,1.6W,1.2G,Brak,9Ch,Brak,Brak,U.FL/IPEX,Czarny,Biały,Diody LED,pic/noname_prod2_pic1.webp,pic/noname_prod2_pic2.webp,,,,,,,,,,,,
Noname,,2W,1.2G,IRC Tramp,9Ch,Wbudowany,30.5x30.5,MMCX,Czarny,Biały,Diody LED,pic/noname_prod3_pic1.webp,pic/noname_prod3_pic2.webp,,,,,,,,,,,,
Noname,,8W,1.2G,Brak,8Ch,Wbudowany,Brak,SMA,Czerwony,Metaliczny,Ekran,pic/noname_prod4_pic1.webp,,,,,,,,,,,,,
Noname,FX895T,3W,5.8G,Smart Audio,48Ch,Wbudowany,20x20,MMCX,Czarny,Pomarańczowy,Diody LED,pic/noname_fx895t_pic1.webp,pic/noname_fx895t_pic2.webp,,,,,,,,,,,,
Noname,VTX,6W,3.3G,IRC Tramp,16Ch,Wbudowany,30.5x30.5,MMCX,Czarny,Biały,Diody LED,pic/noname_vtx_pic1.webp,pic/noname_vtx_pic2.webp,,,,,,,,,,,,
Noname,7.2G,7W,7G +,IRC Tramp,64Ch,Wbudowany,20x20,SMA,Czarny,Pomarańczowy,Diody LED,pic/noname_7.2g_pic1.webp,pic/noname_7.2g_pic2.webp,pic/noname_7.2g_pic3.webp,,,,,,,,,,,
Noname,T36C ,2.5W,3.3G,IRC Tramp,16Ch,Wbudowany,20x20,MMCX,Czarny,Biały,Diody LED,pic/noname_t36c_pic1.webp,,pic/noname_t36c_pic3.webp,,,,,,,,,,,
Noname,DS-33G10WVTX,10W,3.3G,IRC Tramp,16Ch,Wbudowany,20x20,SMA,Metaliczny,Niebieski,Diody LED,pic/noname_ds-33g10wvtx_pic1.webp,pic/noname_ds-33g10wvtx_pic2.webp,,,,,,,https://www.aliexpress.com/item/1005009837588625.html,,,,,
Pilotix,R1600,1.6W,5.8G,IRC Tramp,40Ch,Brak,30.5x30.5,MMCX,Czarny,Biały,Diody LED,pic/pilotix_r1600_pic1.webp,pic/pilotix_r1600_pic2.webp,,,https://www.pilotix.eu/products/vtx-pilotix-r1600-5-8g-1-6w,,,,,,,,,
Pilotix,R2500,2.5W,5.8G,IRC Tramp,48Ch,Wbudowany,25.5x25.5,MMCX,Czarny,Czerwony,Diody LED,pic/pilotix_r2500_pic1.webp,pic/pilotix_r2500_pic2.webp,,,https://www.pilotix.eu/products/vtx-pilotix-r2500-5-8g-2-5w,,,,,,,,,
Pilotix,R2500 V1,2.5W,"5.8G, 4.9G",IRC Tramp,56Ch,Wbudowany,20x20,MMCX,Czarny,Pomarańczowy,Diody LED,pic/pilotix_r2500_pic1.webp,pic/pilotix_r2500_pic2.webp,,,https://www.pilotix.eu/products/vtx-pilotix-r2500-v1-0-4-9-5-8g-2-5w,,,,,,,,,
Pilotix,R2500 SE,2.5W,5.8G,IRC Tramp,48Ch,Brak,30.5x30.5,MMCX,Czarny,Biały,Diody LED,pic/pilotix_r2500_se_pic1.webp,pic/pilotix_r2500_se_pic2.webp,,,https://www.pilotix.eu/products/vtx-pilotix-r2500-se-5-8g-2-5w,,,,,,,,,
Pilotix,R3000,3W,5.8G,IRC Tramp,48Ch,Wbudowany,20x20,MMCX,Czarny,Pomarańczowy,Diody LED,pic/pilotix_r3000_pic1.webp,pic/pilotix_r3000_pic2.webp,,,https://www.pilotix.eu/products/vtx-pilotix-r3000-5-8g-3-0w,,,,,,,,,
Pilotix,R3000 (4.9-5.8G),3W,"5.8G, 4.9G",IRC Tramp,48Ch,Wbudowany,20x20,MMCX,Szary,Pomarańczowy,Diody LED,pic/pilotix_r3000_(4.9-5.8g)_pic1.webp,,pic/pilotix_r3000_(4.9-5.8g)_pic3.webp,,https://www.pilotix.eu/products/vtx-pilotix-r3000-4-9-5-8g-3-0w,,,,,,,,,
Pilotix,R3000 (4.9-6.2G),3W,"5.8G, 4.9G, 6.1G",Smart Audio,64Ch,Wbudowany,20x20,MMCX,Szary,Pomarańczowy,Diody LED,pic/pilotix_r3000_(4.9-5.8g)_pic1.0.webp,pic/pilotix_r3000_(4.9-5.8g)_pic2.0.webp,,,,,,,,,,,,
Skystars,JUPITER Whoop,1.6W,5.8G,Smart Audio,48Ch,Brak,25.5x25.5,U.FL/IPEX,Czarny,Biały,Diody LED,pic/skystars_jupiter_whoop_pic1.webp,pic/skystars_jupiter_whoop_pic2.webp,,,https://skystars-rc.com/2024/07/10/jupiter-1w6-json-files/,,Interfejs: IPEX 1,,,,,,,
Skystars,JUPITER,3W,"5.8G, 4.9G",IRC Tramp,56Ch,Wbudowany,20x20,MMCX,Czarny,Biały,Diody LED,pic/skystars_jupiter_pic1.webp,pic/skystars_jupiter_pic2.webp,,,,,,,,,,,,
BAYCK,Starfish VTX2500,2.5W,5.8G,IRC Tramp,48Ch,Zdejmowany,30.5x30.5,MMCX,Niebieski,Biały,Diody LED,pic/bayck_starfish_vtx2500_pic1.webp,pic/bayck_starfish_vtx2500_pic2.webp,,,https://www.bayckrc.com/productinfo/1199025.html,manuals/starfish_vtx2500.pdf,Istnieje wersja bez wentylatora,,,,,,,
Atlatl,HV Pro,3W,"5.8G, 4.9G",IRC Tramp,56Ch,Wbudowany,20x20,MMCX,Czarny,Czerwony,Diody LED,pic/noname_5.8ghz_vtx_pic1.webp,pic/noname_5.8ghz_vtx_pic2.webp,pic/atlatl_hv_pro_pic3.webp,,,,,,,,,,,
BetaFPV,A25,2.5W,"5.8G, 4.9G, 6.1G",IRC Tramp,64Ch,Wbudowany,20x20,MMCX,Czarny,Biały,Diody LED,pic/betafpv_a25_pic1.webp,pic/betafpv_a25_pic2.webp,,,,,,Niestandardowe częstotliwości XBAND,,,,,,
FPVspeed,SN2,2.5W,"5.8G, 4.9G, 6.1G",IRC Tramp,72Ch,Wbudowany,30.5x30.5,MMCX,Czarny,Biały,Diody LED,pic/fpvspeed_sn2_pic1.webp,pic/fpvspeed_sn2_pic2.webp,,,,,,,,,,,,
Kimpok,4.5G VTX,2.5W,4.5G,IRC Tramp,16Ch,Wbudowany,30.5x30.5,MMCX,Złoty,Metaliczny,Diody LED,pic/kimpok_4.5g_vtx_pic1.webp,pic/kimpok_4.5g_vtx_pic2.webp,,,,,,,,,,,,
Sparkhobby,Nice,2.5W,5.8G,IRC Tramp,64Ch,Wbudowany,20x20,MMCX,Czerwony,Biały,Diody LED,pic/sparkhobby_nice_pic1.webp,pic/sparkhobby_nice_pic2.webp,,,,,,,,,,,,
SLONWAKE ,VTX,5W,5.8G,Smart Audio,48Ch,Zdejmowany,30.5x30.5,SMA,Czerwony,Czarny,Diody LED,pic/slonwake_vtx_pic1.webp,pic/slonwake_vtx_pic2.webp,,,,,,,,,,,,
SLONWAKE ,S1230G_V11,1.6W,5.8G,Smart Audio,48Ch,Brak,30.5x30.5,MMCX,Czerwony,Czarny,Diody LED,pic/slonwake_s1230g_v11_pic1.webp,pic/slonwake_s1230g_v11_pic2.webp,,,,,,,,,,,,
SLONWAKE ,TX665,2.5W,5.8G,IRC Tramp,48Ch,Wbudowany,30.5x30.5,MMCX,Czarny,Czarny,Diody LED,pic/slonwake_tx665_pic1.webp,pic/slonwake_tx665_pic2.webp,pic/slonwake_tx665_pic3.webp,,,,,,https://www.aliexpress.com/item/1005010695673782.html,,,,,
Motorsoft,VTX,2.5W,"5.8G, 4.9G",Smart Audio,56Ch,Wbudowany,Brak,SMA,Czarny,Fioletowy,Diody LED,pic/motorsoft_vtx_pic1.webp,pic/motorsoft_vtx_pic2.webp,,,,,,,,,,,,
Peak,PK1600,1.6W,"5.8G, 4.9G",Smart Audio,80Ch,Brak,30.5x30.5,MMCX,Biały,Czarny,Diody LED,pic/peak_pk1600_pic1.webp,pic/peak_pk1600_pic2.webp,,,https://peakfpv.com/product/pk1600-fpv-video-transmitter/,,,Niestandardowe pasma,,,,,,
Peak,PK2500,2.5W,"5.8G, 4.9G",Smart Audio,80Ch,Wbudowany,30.5x30.5,MMCX,Biały,Czarny,Diody LED,pic/peak_pk2500_pic1.webp,pic/peak_pk2500_pic2.webp,,,https://peakfpv.com/product/pk2500-fpv-video-transmitter/,,,Niestandardowe pasma,,,,,,
Peak,PK3000,3W,"5.8G, 4.9G",Smart Audio,80Ch,Wbudowany,30.5x30.5,MMCX,Biały,Czarny,Diody LED,pic/peak_pk3000_pic1.webp,pic/peak_pk3000_pic2.webp,,,https://peakfpv.com/product/pk3000-fpv-video-transmitter/,,,Niestandardowe pasma,,,,,,
Peak,THOR T35,3W,3.3G,Smart Audio,64Ch,Wbudowany,41.5x30.5,SMA,Czarny,Biały,Ekran,pic/peak_t35_pic1.webp,pic/peak_t35_pic2.webp,,,https://peakfpv.com/product/thor-t35-fpv-vtx/,manuals/peak_thor_transmitter_vtx_t35_3w_manual.pdf,,Niestandardowe częstotliwości,,,,,,
Peak,THOR T67,3W,"6.1G, 7G +",Smart Audio,64Ch,Wbudowany,41.5x30.5,SMA,Metaliczny,Biały,Ekran,pic/peak_t67_pic1.webp,pic/peak_t67_pic2.webp,,,https://peakfpv.com/product/thor-t67-fpv-vtx/,manuals/transmitter_vtx_peak_thor_t67_3w_manual.pdf,,Niestandardowe częstotliwości,,,,,,
Peak,THOR T78,3W,7G +,Smart Audio,40Ch,Wbudowany,41.5x30.5,SMA,Fioletowy,Biały,Ekran,pic/peak_t78_pic1.webp,pic/peak_t78_pic2.webp,pic/peak_thor_t78_pic3.webp,,https://peakfpv.com/product/thor-t78-fpv-vtx/,manuals/peak_thor_t78_manual.pdf,,,,,,,,
GWRC,VTX,1.6W,5.8G,IRC Tramp,48Ch,Brak,30.5x30.5,MMCX,Czarny,Biały,Diody LED,pic/gwrc_vtx_pic1.webp,pic/gwrc_vtx_pic2.webp,,,,,,,,,,,,
GWRC,VTX,3W,5.8G,IRC Tramp,48Ch,Wbudowany,30.5x30.5,MMCX,Czarny,Biały,Diody LED,pic/gwrc_vtx_2_pic1.webp,pic/gwrc_vtx_2_pic2.webp,,,,,,,,,,,,
FlyMind,FV10W-A1,10W,"5.8G, 4.9G",Smart Audio,80Ch,Wbudowany,30.5x30.5,SMA,Czarny,Metaliczny,Ekran,pic/flymind_fv10w-a1_pic1.webp,pic/flymind_fv10w-a1_pic2.webp,,,,,,,,,,,,
FlyMind,FV5W-A1,5W,"5.8G, 4.9G, 6.1G",Smart Audio,96Ch,Wbudowany,30.5x30.5,MMCX,Czarny,Biały,Diody LED,pic/flymind_fv5w-a1_pic1.webp,pic/flymind_fv5w-a1_pic2.webp,,,,,,Niestandardowe pasma,,,,,,
SoloGood,VTX,3W,3.3G,Smart Audio,16Ch,Wbudowany,20x20,MMCX,Czarny,Czerwony,Diody LED,pic/sologood_vtx_pic1.webp,pic/sologood_vtx_pic2.webp,,,,,,,,,,,,
DMKR,5.8 VTX,7W,"5.8G, 4.9G",IRC Tramp,80Ch,Wbudowany,20x20,SMA,Czarny,Pomarańczowy,Diody LED,pic/dmkr_5.8_vtx_pic1.webp,pic/dmkr_5.8_vtx_pic2.webp,pic/dmkr_5.8_vtx_pic3.webp,,,,,,,,,,,
DMKR,3.3 VTX,4W,3.3G,IRC Tramp,16Ch,Wbudowany,30.5x30.5,MMCX,Czarny,Czerwony,Diody LED,pic/noname_vtx_2_pic1.webp,pic/noname_vtx_2_pic2.webp,,,https://www.dmkrflight.com/DMKR-33GHz-4W-Long-Range-FPV-VTX-Long-Range-Video-Transmitter-16CH-p6165729.html,,Może być także oznaczany jako PHILE,,,,,,,
DMKR,3.3 VTX,5W,3.3G,IRC Tramp,16Ch,Wbudowany,30.5x30.5,MMCX,Czarny,Metaliczny,Diody LED,pic/dmkr_3.3_vtx_2_pic1.webp,pic/dmkr_3.3_vtx_2_pic2.webp,pic/dmkr_3.3_vtx_2_pic3.webp,,,,,,,,,,,
FT,VTX,4W,5.8G,IRC Tramp,48Ch,Wbudowany,20x20,MMCX,Czarny,Czerwony,Diody LED,pic/ft_vtx_4w_pic1.webp,pic/ft_vtx_4w_pic2.webp,,,,manuals/FT_VTX_4.9-6-GHZ_____old_v3_4.pdf,,,,,,,,
FT,VTX SMA,4W,5.8G,IRC Tramp,48Ch,Wbudowany,20x20,SMA,Czarny,Czerwony,Diody LED,pic/ft_vtx_sma_pic1.webp,pic/ft_vtx_sma_pic2.webp,,,https://ft.systems/product/videoperedavach-vtx-ft-5-8/,manuals/FT_VTX_4.9-6-GHZ_____old_v3_4.pdf,,,,,,,,
FT,VTX,4W,2.7G,IRC Tramp,16Ch,Wbudowany,20x20,MMCX,Czarny,Żółty,Diody LED,pic/ft_vtx_4w_2_pic1.webp,pic/ft_vtx_4w_2_pic2.webp,,,,manuals/FT_VTX_2.7-GHZ___old_v3_4.pdf,,,,,,,,
FT,VTX SMA,4W,2.7G,IRC Tramp,16Ch,Wbudowany,20x20,SMA,Czarny,Żółty,Diody LED,pic/ft_vtx_sma_2_pic1.webp,pic/ft_vtx_sma_2_pic2.webp,,,https://ft.systems/product/videoperedavach-vtx-ft-2-7/,manuals/FT_VTX_2.7-GHZ___old_v3_4.pdf,,,,,,,,
FT,VTX,4W,1.2G,IRC Tramp,9Ch,Wbudowany,20x20,MMCX,Czarny,Metaliczny,Diody LED,pic/ft_vtx_4w_3_pic1.webp,pic/ft_vtx_4w_3_pic2.webp,,,,manuals/FT_VTX_1.2-GHZ___old_v3_4.pdf,,,,,,,,
FT,VTX SMA,4W,1.2G,IRC Tramp,9Ch,Wbudowany,20x20,SMA,Czarny,Metaliczny,Diody LED,pic/ft_vtx_sma_3_pic1.webp,pic/ft_vtx_sma_3_pic2.webp,,,https://ft.systems/product/videoperedavach-vtx-ft-1-2/,manuals/FT_VTX_1.2-GHZ___old_v3_4.pdf,,,,,,,,
FT,VTX,4W,3.3G,IRC Tramp,16Ch,Wbudowany,20x20,MMCX,Czarny,Biały,Diody LED,pic/ft_vtx_4w_4_pic1.webp,pic/ft_vtx_4w_4_pic2.webp,,,,manuals/FT_VTX_3.3-GHZ___old_v3_4.pdf,,,,,,,,
FT,VTX SMA,4W,3.3G,IRC Tramp,16Ch,Wbudowany,20x20,SMA,Czarny,Biały,Diody LED,pic/ft_vtx_sma_4_pic1.webp,pic/ft_vtx_sma_4_pic2.webp,,,https://ft.systems/product/videoperedavach-vtx-ft-3-3/,manuals/FT_VTX_3.3-GHZ___old_v3_4.pdf,,,,,,,,
FT,VTX 7.2G SMA,3W,7G +,IRC Tramp,64Ch,Wbudowany,20x20,SMA,Czarny,Khaki,Diody LED,pic/ft_vtx_7.2g_sma_pic1.webp,pic/ft_vtx_7.2g_sma_pic2.webp,pic/ft_vtx_7.2g_sma_pic3.webp,,https://ft.systems/product/videoperedavach-vtx-ft-7-2/,,,,,,,,,
FlytoFPV ,F1-72,1.6W,"5.8G, 4.9G, 6.1G",IRC Tramp,72Ch,Brak,Brak,MMCX,Czarny,Czarny,Diody LED,pic/flytofpv_f1-72_pic1.webp,,pic/flytofpv_f1-72_pic3.webp,,,,Obsługuje dowolne wprowadzanie częstotliwości w paśmie 4867-6100 MHz,Dowolne częstotliwości,,,,,,
FlytoFPV ,F2-72,3W,"5.8G, 4.9G, 6.1G",IRC Tramp,72Ch,Wbudowany,30.5x30.5,MMCX,Czarny,Czarny,Diody LED,pic/flytofpv_f2-72_pic1.webp,pic/flytofpv_f2-72_pic2.webp,pic/flytofpv_f2-72_pic3.webp,,,,Obsługuje dowolne wprowadzanie częstotliwości w paśmie 4867-6100 MHz,Dowolne częstotliwości,,,,,,
FlytoFPV ,MAX SOLO,3W,5.8G,IRC Tramp,48Ch,Wbudowany,Brak,MMCX,Czarny,Metaliczny,Diody LED,pic/flytofpv_max_solo_pic1.webp,pic/flytofpv_max_solo_pic2.webp,,,,,,,,,,,,
FlytoFPV ,F8,4.5W,3.3G,IRC Tramp,64Ch,Zdejmowany,30.5x30.5,SMA,Czarny,Biały,Diody LED,pic/flytofpv_f8_pic1.webp,pic/flytofpv_f8_pic2.webp,pic/flytofpv_f8_pic3.webp,,,,Obsługuje dowolne wprowadzanie częstotliwości w paśmie 3060-3500 MHz,Dowolne częstotliwości,,,,,,
FlytoFPV ,F9,6W,1.7G,IRC Tramp,8Ch,Zdejmowany,30.5x30.5,SMA,Czarny,Biały,Diody LED,pic/flytofpv_f9_pic1.webp,pic/flytofpv_f9_pic2.webp,pic/flytofpv_f9_pic3.webp,,,,Obsługuje dowolne wprowadzanie częstotliwości w paśmie 1680-1960 MHz,Dowolne częstotliwości,,,,,,
FlytoFPV ,F10,4.5W,2.2G,IRC Tramp,8Ch,Zdejmowany,30.5x30.5,SMA,Czarny,Biały,Diody LED,pic/flytofpv_f10_pic1.webp,pic/flytofpv_f10_pic2.webp,pic/flytofpv_f10_pic3.webp,,,,Obsługuje dowolne wprowadzanie częstotliwości w paśmie 2000-2280 MHz,Dowolne częstotliwości,,,,,,
FlytoFPV ,F6,2.5W,3.3G,IRC Tramp,16Ch,Wbudowany,20x20,MMCX,Czarny,Czarny,Diody LED,pic/flytofpv_f6_pic1.webp,pic/flytofpv_f6_pic2.webp,pic/flytofpv_f6_pic3.webp,,,,,,,,,,,
BelinRC,VTX,3W,"5.8G, 4.9G, 6.1G",Smart Audio,72Ch,Zdejmowany,30.5x30.5,MMCX,Czarny,Biały,Diody LED,pic/belinrc_vtx_pic1.webp,pic/belinrc_vtx_pic2.webp,,,,,,,,,,,,
RockFlight,RFVTX 6420 6.4G,2W,6.1G,IRC Tramp,16Ch,Wbudowany,30.5x30.5,MMCX,Czarny,Biały,Diody LED,pic/rockflight_rfvtx_6420_6.4g_pic1.webp,,pic/rockflight_rfvtx_6420_6.4g_pic3.webp,,,,,,,,,,,
METELYK,VTX,3W,5.8G,,48Ch,Wbudowany,20x20,MMCX,Niebieski,Biały,Diody LED,pic/metelyk_vtx_pic1.webp,pic/metelyk_vtx_pic2.webp,pic/metelyk_vtx_pic3.webp,,,,Moc nadajnika wideo nie jest regulowana zdalnie. Tylko za pomocą naciśnięcia przycisku na obudowie!,,,,,,,
Fatfish,VTX,2.5W,"5.8G, 4.9G, 6.1G",Smart Audio,72Ch,Wbudowany,30.5x30.5,MMCX,Czarny,Zielony,Diody LED,pic/fatfish_vtx_pic1.webp,pic/fatfish_vtx_pic2.webp,pic/fatfish_vtx_pic3.webp,,https://www.fatfishfpv.com/product/x-drone/,,,,,,,,,
BEASTFPV,VTX,5W,"5.8G, 4.9G",IRC Tramp,64Ch,Wbudowany,20x20,MMCX,Czarny,Niebieski,Diody LED,pic/beastfpv_vtx_pic1.webp,,pic/beastfpv_vtx_pic3.webp,,https://beastfpv.ru/product/videoperedatchik-dlya-fpv-4-9-5-8ghz-64ch-5w-vtx-beastfpv/#,manuals/instrukcziya_na_russkom_videoperedatchik_beastfpv_4_9_5_8ghz_64ch_5w.pdf,,"Uwaga, wrogi produkt!",,,,,,
BEASTFPV,VTX,2.5W,"5.8G, 4.9G",IRC Tramp,64Ch,Brak,30.5x30.5,MMCX,Czarny,Biały,Diody LED,pic/beastfpv_vtx_2_pic1.webp,,pic/beastfpv_vtx_2_pic3.webp,,https://beastfpv.ru/product/beastfpv-4-9-5-8ghz-64ch-2-5w-vtx/#,manuals/instrukcziya_na_russkom_videoperedatchik_beastfpv_4_9_5_8ghz_64ch_5w.pdf,,"Uwaga, wrogi produkt!",,,,,,
BEASTFPV,VTX,5W,3.3G,IRC Tramp,16Ch,Wbudowany,20x20,MMCX,Czarny,Biały,Diody LED,pic/beastfpv_vtx_3_pic1.webp,,pic/beastfpv_vtx_3_pic3.webp,,https://beastfpv.ru/product/videoperedatchik-fpv-3-3-ghz-16ch-3w-ne-standart/#,manuals/videoperedatchik_beastfpv_3_3ghz_5w_vtx_16ch_2-1.pdf,,"Uwaga, wrogi produkt!",,,,,,
BEASTFPV,VTX,5W,3.3G,IRC Tramp,32Ch,Wbudowany,20x20,MMCX,Czarny,Biały,Diody LED,pic/beastfpv_vtx_4_pic1.webp,,pic/beastfpv_vtx_4_pic3.webp,,https://beastfpv.ru/product/videoperedatchik-fpv-3-3-ghz-32ch-5w-ne-standart/#,,,"Uwaga, wrogi produkt!",,,,,,
BEASTFPV,VTX,2.5W,1.2G,Brak,32Ch,Wbudowany,20x20,MMCX,Czarny,Niebieski,Diody LED,pic/beastfpv_vtx_5_pic1.webp,,pic/beastfpv_vtx_5_pic3.webp,,https://beastfpv.ru/product/videoperedatchik-fpv-beastfpv-1-4-ghz-32-ch/#,manuals/videoperedatchik-beastfpv-1.4ghz-5w-vtx-2.pdf,,"Uwaga, wrogi produkt!",,,,,,
KaraFPV,Teleport67 4W 6.1-7.2G,4W,"6.1G, 7G +",,,Wbudowany,41.5x30.5,SMA,Czarny,Biały,Ekran,pic/karafpv_teleport67_4w_6.1-7.2g_pic1.webp,pic/karafpv_teleport67_4w_6.1-7.2g_pic2.webp,,,,,,,,,,,,
Skylink,SK-VTX04,4.5W,3.3G,IRC Tramp,64Ch,Wbudowany,20x20,SMA,Szary,Pomarańczowy,Diody LED,pic/skylink_sk-vtx04_pic1.webp,pic/skylink_sk-vtx04_pic2.webp,pic/skylink_sk-vtx04_pic3.webp,,,,,,,,,,,
Skylink,SK-VTX11,10W,"5.8G, 4.9G",IRC Tramp,80Ch,Wbudowany,20x20,SMA,Szary,Pomarańczowy,Ekran,pic/skylink_sk-vtx11_pic1.webp,pic/skylink_sk-vtx11_pic2.webp,pic/skylink_sk-vtx11_pic3.webp,,http://www.skylinkfpv.com/Products/product-175-935-e.html,,,,,,,,,
Skylink,SK-VTX05,4.5W,1.2G,IRC Tramp,16Ch,Wbudowany,20x20,SMA,Szary,Pomarańczowy,Diody LED,pic/skylink_sk-vtx05_pic1.webp,pic/skylink_sk-vtx05_pic2.webp,pic/skylink_sk-vtx05_pic3.webp,,,,,,,,,,,
Flymod,TX6704 6.1-7.2G,4W,"6.1G, 7G +",Smart Audio,64Ch,Wbudowany,41.5x30.5,SMA,Czarny,Szary,Ekran,pic/flymod_tx6704_6.1-7.2g_pic1.webp,pic/flymod_tx6704_6.1-7.2g_pic2.webp,pic/flymod_tx6704_6.1-7.2g_pic3.webp,,,manuals/vtx_skz_tx6704_manual.pdf,Może być oznaczany jako Skyzone TX6704,,,,,,,
DAKEFPV,Reaper 5G8,2.5W,"5.8G, 4.9G",IRC Tramp,64Ch,Brak,20x20,MMCX,Czarny,Biały,Diody LED,pic/dakefpv_reaper_5g8_pic1.webp,pic/dakefpv_reaper_5g8_pic2.webp,,,https://www.dakefpv.com/pd.jsp?id=85,,,,,,,,,
DAKEFPV,5G 3W,3W,"5.8G, 4.9G",IRC Tramp,64Ch,Wbudowany,20x20,MMCX,Czarny,Czerwony,Diody LED,pic/dakefpv_5g_3w_pic1.webp,pic/dakefpv_5g_3w_pic2.webp,,,https://www.dakefpv.com/pd.jsp?id=86,,,,,,,,,
Cyclone,XF5804 Pro,0.6W,5.8G,Smart Audio,48Ch,Brak,30.5x30.5,MMCX,Niebieski,Biały,Diody LED,pic/cyclone_xf5804_pro_pic1.webp,pic/cyclone_xf5804_pro_pic2.webp,,,,manuals/cyclone_XF5804 Pro.jpg,,,,,,,,
OddityRC,VTX,5W,3.3G,IRC Tramp,16Ch,Wbudowany,20x20,SMA,Czarny,Biały,Diody LED,pic/oddityrc_vtx_pic1.webp,,pic/oddityrc_vtx_pic3.webp,,https://oddityrc.com/products/oddityrc-3-3g-5w-vtx,,,,,,,,,
